-- phpMyAdmin SQL Dump
-- version 4.2.7.1
-- http://www.phpmyadmin.net
--
-- 主機: 127.0.0.1
-- 產生時間： 2021 年 09 月 07 日 16:53
-- 伺服器版本: 5.5.39
-- PHP 版本： 5.4.31

SET SQL_MODE = "NO_AUTO_VALUE_ON_ZERO";
SET time_zone = "+00:00";


/*!40101 SET @OLD_CHARACTER_SET_CLIENT=@@CHARACTER_SET_CLIENT */;
/*!40101 SET @OLD_CHARACTER_SET_RESULTS=@@CHARACTER_SET_RESULTS */;
/*!40101 SET @OLD_COLLATION_CONNECTION=@@COLLATION_CONNECTION */;
/*!40101 SET NAMES utf8 */;

--
-- 資料庫： `t123`
--

-- --------------------------------------------------------

--
-- 資料表結構 `comp89`
--

CREATE TABLE IF NOT EXISTS `comp89` (
  `部門代號` varchar(9) DEFAULT NULL,
  `姓名` varchar(9) DEFAULT NULL,
  `職稱` varchar(11) DEFAULT NULL,
  `未休奬金` double DEFAULT NULL,
  `加班費` double DEFAULT NULL,
  `年薪資` double DEFAULT NULL,
  `業績總額` double DEFAULT NULL,
  `比例` varchar(9) DEFAULT NULL
) ENGINE=InnoDB DEFAULT CHARSET=utf8;

--
-- 資料表的匯出資料 `comp89`
--

INSERT INTO `comp89` (`部門代號`, `姓名`, `職稱`, `未休奬金`, `加班費`, `年薪資`, `業績總額`, `比例`) VALUES
('D01', '林鳳春', '業務專員', 10851, 1221, 1002705, 22019700, '21.7'),
('D01', '王玉治', '業務副理', 17922, 0, 591426, 35726580, '58.63'),
('D01', '吳美成', '資深專員', 2560, 480, 591426, 67818740, '114.08'),
('D01', '陳曉蘭', '業務經理', 7596, 814, 501353, 49158100, '96.43'),
('D01', '葉秀珠', '業務助理', 3649, 342, 421476, 0, '0.00'),
('D02', '陳雅賢', '業務經理', 27913, 1495, 921129, 48609740, '51.14'),
('D02', '莊國雄', '業務副理', 7210, 1082, 666204, 168615360, '249.99'),
('D02', '吳國信', '資深專員', 9527, 1276, 628815, 5221520, '8.16'),
('D02', '陳詔芳', '業務助理', 4090, 1150, 472461, 0, '0.00'),
('D02', '向大鵬', '業務專員', 5164, 0, 397683, 4967460, '12.33'),
('D03', '張世興', '業務助理', 15450, 0, 1189650, 0, '0.00'),
('D03', '朱金倉', '業務經理', 12878, 0, 661106, 73169360, '108.56'),
('D03', '張志輝', '業務副理', 8111, 1304, 535343, 31911340, '58.58'),
('D03', '林玉堂', '業務專員', 3752, 352, 433373, 19007500, '43.45'),
('D03', '謝穎青', '資深專員', 901, 0, 416378, 17763300, '42.57'),
('D04', '毛渝南', '業務副理', 11182, 2097, 1291620, 32644040, '25.02'),
('D04', '林鵬翔', '業務經理', 3972, 1738, 611820, 27404860, '44.38'),
('D04', '郭曜明', '業務專員', 2869, 359, 441870, 53105670, '119.31'),
('D04', '李進祿', '業務專員', 4598, 690, 424875, 98060610, '227.96'),
('D04', '陳惠娟', '業務助理', 11845, 793, 390885, 0, '0.00');

-- --------------------------------------------------------

--
-- 資料表結構 `dept`
--

CREATE TABLE IF NOT EXISTS `dept` (
  `部門名稱` varchar(9) COLLATE utf8_unicode_ci DEFAULT NULL,
  `部門代號` varchar(9) COLLATE utf8_unicode_ci DEFAULT NULL,
  `主管姓名` varchar(9) COLLATE utf8_unicode_ci DEFAULT NULL
) ENGINE=InnoDB DEFAULT CHARSET=utf8 COLLATE=utf8_unicode_ci;

--
-- 資料表的匯出資料 `dept`
--

INSERT INTO `dept` (`部門名稱`, `部門代號`, `主管姓名`) VALUES
('董事長室', 'A01', '林政賢'),
('總經理室', 'B01', '何茂宗'),
('研發一課', 'C01', '徐煥坤'),
('研發二課', 'C02', '江正維'),
('研發三課', 'C03', '易君揚'),
('業務一課', 'D01', '陳曉蘭'),
('業務二課', 'D02', '陳雅賢'),
('業務三課', 'D03', '朱金倉'),
('業務四課', 'D04', '林鵬翔'),
('採購部', 'E01', '黃大倫'),
('維修部', 'F01', '劉柏村'),
('資訊部', 'G01', '林朝財'),
('企劃部', 'H01', '程光民'),
('人事部', 'I01', '楊習仁'),
('行政部', 'J01', '許進發'),
('會計部', 'K01', '胡富傑'),
('圖書室', 'L01', '洪惠芬');

-- --------------------------------------------------------

--
-- 資料表結構 `employee`
--

CREATE TABLE IF NOT EXISTS `employee` (
  `姓名` varchar(8) COLLATE utf8_unicode_ci DEFAULT NULL,
  `現任職稱` varchar(11) COLLATE utf8_unicode_ci DEFAULT NULL,
  `部門代號` varchar(4) COLLATE utf8_unicode_ci DEFAULT NULL,
  `縣市` varchar(7) COLLATE utf8_unicode_ci DEFAULT NULL,
  `地址` varchar(32) COLLATE utf8_unicode_ci DEFAULT NULL,
  `電話` varchar(16) COLLATE utf8_unicode_ci DEFAULT NULL,
  `郵遞區號` varchar(3) COLLATE utf8_unicode_ci DEFAULT NULL,
  `目前月薪資` double DEFAULT NULL,
  `年假天數` double DEFAULT NULL
) ENGINE=InnoDB DEFAULT CHARSET=utf8 COLLATE=utf8_unicode_ci;

--
-- 資料表的匯出資料 `employee`
--

INSERT INTO `employee` (`姓名`, `現任職稱`, `部門代號`, `縣市`, `地址`, `電話`, `郵遞區號`, `目前月薪資`, `年假天數`) VALUES
('方重圍', '顧問工程師', 'A01', '新竹市', '科學工業園區工業東四路7號2樓', '035-780050', '300', 190550, 7),
('何茂宗', '總經理', 'B01', '台北市', '中山區松江路301號9樓', '02-5020238', '104', 158620, 14),
('黃慧萍', '特別助理', 'B01', '台北縣', '新店市寶興路45巷5號3樓', '02-9179261', '231', 84460, 14),
('林建興', '研發副總', 'B01', '屏東市', '中正路688巷46弄59號', '08-7379531', '900', 142140, 14),
('蔡豪鈞', '業務副總', 'B01', '桃園縣', '楊梅鎮高榮里新榮路339號', '03-4905265', '326', 37080, 7),
('林森和', '助理工程師', 'C01', '台北市', '民權東路3段37號12樓', '(02)515-0000', '104', 39140, 7),
('黃志文', '研發副理', 'C01', '台北市', '光復南路422號2樓之1', '02-7043828', '106', 68186, 14),
('張藍方', '研發經理', 'C01', '台北市', '松德路159號-1', '02-7593733', '110', 69422, 14),
('徐煥坤', '資深工程師', 'C01', '台北縣', '土城市福安街75號', '02-2685871', '236', 37080, 14),
('王德惠', '研發工程師', 'C01', '台北縣', '新店市寶中路123巷1號5樓', '02-9174400', '231', 38110, 7),
('莊清媚', '研發工程師', 'C02', '台中市', '北區漢口路4段367號11樓', '04-2374989', '404', 33990, 14),
('張景松', '副工程師', 'C02', '台中市', '西屯區台中工業區工業五路3號', '04-3592345', '407', 32445, 14),
('李垂文', '研發副理', 'C02', '台中縣', '大里市仁化路261號', '(04)491-4141#254', '412', 35535, 7),
('盧大為', '研發經理', 'C02', '台北市', '大同區承德路一段40號12樓', '02-5559211', '103', 33990, 14),
('江正維', '研發工程師', 'C02', '台北市', '松山區南京東路5段5號2樓', '02-7649130', '105', 62830, 14),
('鍾智慧', '研發工程師', 'C03', '台北市', '八德路二段260號9樓', '02-7752450', '104', 30385, 7),
('方鎮深', '副工程師', 'C03', '台北市', '士林區社中街76號', '02-8118101', '111', 32960, 14),
('楊銘哲', '研發副理', 'C03', '台北市', '萬華區漢口街2段60號', '02-3111116', '108', 28016, 14),
('王演銓', '研發經理', 'C03', '桃園縣', '大園鄉北港村大工路31號', '03-3868956', '337', 39346, 14),
('易君揚', '助理工程師', 'C03', '桃園縣', '楊梅鎮秀才路520號', '03-4753821', '326', 77456, 14),
('鄭秀家', '研發工程師', 'C03', '高雄市', '五福三路21號6樓', '07-2135522', '801', 37595, 7),
('王玉治', '業務副理', 'D01', '台中縣', '潭子鄉建國路3之2號', '04-5331112', '427', 35844, 14),
('林鳳春', '業務專員', 'D01', '台北市', '中正區杭洲南路1段15-1號19樓', '02-3936566', '100', 60770, 14),
('葉秀珠', '業務助理', 'D01', '台北市', '南港區成功路一段65號2&3樓', '02-7832854', '115', 25544, 7),
('陳曉蘭', '業務經理', 'D01', '台南縣', '歸仁鄉南興村中山路851號', '06-2306611', '711', 30385, 7),
('吳美成', '資深專員', 'D01', '彰化縣', '和美鎮彰美路二段106號', '04-7352182', '508', 35844, 7),
('莊國雄', '業務副理', 'D02', '台中縣', '潭子鄉中山路三段493巷35號', '04-5343566', '427', 40376, 7),
('向大鵬', '業務專員', 'D02', '台北市', '建國北路2段145號3樓', '02-5031111', '104', 24102, 7),
('陳詔芳', '業務助理', 'D02', '高雄市', '新興區中正二路182號8-1樓', '07-2228856', '800', 28634, 7),
('陳雅賢', '業務經理', 'D02', '新竹縣', '湖口鄉光復北路92號', '035-981491', '303', 55826, 14),
('吳國信', '資深專員', 'D02', '彰化縣', '福興鄉萬豐村福工路12號', '04-7695161~4', '506', 38110, 7),
('張志輝', '業務副理', 'D03', '台中縣', '大肚鄉沙田路二段132巷60號', '04-6991173', '432', 32445, 7),
('林玉堂', '業務專員', 'D03', '台北市', '松江路124巷21號4樓', '02-5926597', '104', 26265, 7),
('張世興', '業務助理', 'D03', '台北縣', '淡水鎮下圭柔山100-2號', '02-6228750', '251', 72100, 14),
('朱金倉', '業務經理', 'D03', '高雄市', '三民區通化街120號', '07-3712111', '807', 40067, 14),
('謝穎青', '資深專員', 'D03', '高雄縣', '仁武鄉仁心路311號', '07-3711696', '814', 25235, 7),
('毛渝南', '業務副理', 'D04', '台北市', '大安區敦化南路2段218號', '02-3779968', '106', 78280, 7),
('郭曜明', '業務專員', 'D04', '台北市', '中山區八德路四段111號', '02-7532121', '105', 26780, 7),
('李進祿', '業務專員', 'D04', '台北市', '松山區復興北路369號3樓', '02-7150669', '105', 25750, 7),
('陳惠娟', '業務助理', 'D04', '高雄市', '三民區灣興街96之1號', '07-3853358', '807', 23690, 14),
('林鵬翔', '業務經理', 'D04', '彰化縣', '和美鎮鎮平里彰草路二段697號', '04-7525121', '508', 37080, 7),
('黃大倫', '採購經理', 'E01', '台中縣', '大肚鄉沙田路二段310巷2號', '04-6991191', '432', 27810, 14),
('黃振清', '採購副理', 'E01', '台北市', '大同區重慶北路三段137巷25號2樓', '02-5976225', '103', 35535, 14),
('林國和', '採購專員', 'E01', '台北市', '民生西路292號10樓', '02-5559676', '103', 63860, 14),
('黃秋好', '採購專員', 'E01', '台北市', '新明路124號', '02-7912161', '114', 24102, 7),
('陳弘昌', '採購助理', 'E01', '台南縣', '永康鄉中正北路711號', '06-2531221', '710', 22660, 7),
('張琪', '採購助理', 'E01', '桃園縣', '大園鄉橫峰村1號', '03-3811811', '337', 23175, 7),
('許鴻章', '維修經理', 'E01', '彰化縣', '秀水鄉埔崙村三越街82號', '04-7692511', '504', 26265, 7),
('連邦俊', '維修助理', 'F01', '台北市', '大安區仁愛路三段108號7樓', '02-7042162', '106', 29767, 14),
('張治', '維修工程師', 'F01', '台北市', '大安區復興南路一段390號5樓之3', '02-7081881', '106', 38934, 14),
('吳寶珠', '維修工程師', 'F01', '台北市', '中山區長安東路2段173號7樓', '02-7720267', '104', 33475, 14),
('洪毓祥', '維修工程師', 'F01', '台北市', '中正區忠孝東路2段123號B1', '02-3971881', '100', 41200, 14),
('丁組長', '助理工程師', 'F01', '台北市', '松山區南京東路5段46號7樓', '02-7613571', '105', 29355, 7),
('李秋煌', '助理工程師', 'F01', '台北市', '許昌街四二號九樓', '02-6584251', '100', 26368, 7),
('何信穎', '副工程師', 'F01', '台北縣', '土城市工業區中山路59號', '02-2683366', '236', 39037, 7),
('陳福金', '副工程師', 'F01', '台北縣', '樹林鎮三俊街273號', '02-6882387', '223', 28840, 7),
('林靜秋', '維修副理', 'F01', '桃園縣', '龍潭鄉九龍村中興路九龍段3巷13號', '03-4792988', '325', 61285, 14),
('劉柏村', '維修經理', 'F01', '高雄市', '鼓山區明倫路514巷19號', '07-5836967', '804', 31930, 7),
('季正杰', '資深工程師', 'F01', '嘉義市', '中正路690號', '05-3714666', '600', 62830, 7),
('顧舜生', '系統工程師', 'G01', '台中市', '台中工業區37路46號', '04-3594510', '400', 34299, 7),
('祝閔豪', '系統工程師', 'G01', '台北市', '松山區民生東路4段54號9樓901室', '02-7152266', '105', 32445, 14),
('鄭力中', '硬體工程師', 'G01', '台北市', '長春路328號5樓之2', '02-7198303', '104', 33475, 7),
('范揚耀', '程式設計師', 'G01', '台北市', '新生南路一段121號4樓', '02-2990212', '106', 32445, 7),
('高鴻烈', '程式設計師', 'G01', '台南縣', '永康市王行路68巷263號', '06-2017777', '710', 32445, 7),
('林朝財', '資訊經理', 'G01', '高雄市', '三民區民族一路491號', '07-3410301', '807', 74160, 14),
('陳美玉', '網路工程師', 'G01', '新竹縣', '湖口鄉新竹工業區光復南路15號', '035-983683', '303', 35535, 7),
('吳淑芬', '市場分析師', 'H01', '台北市', '士林區中正路115號', '02-8822342', '111', 32445, 7),
('林俊成', '企劃專員', 'H01', '台北市', '大同區貴德街36巷5號', '02-5555601', '103', 33475, 7),
('簡清皛', '企劃專員', 'H01', '台北市', '中山北路六段75號', '02-8342662', '111', 31930, 7),
('謝彗萍', '企劃專員', 'H01', '台北市', '中山區建國北路1段88巷12號', '02-5062442', '104', 35535, 7),
('黃憲政', '企劃專員', 'H01', '台北縣', '土城市大暖路71號', '02-2683969', '236', 35535, 7),
('鄭黛明', '企劃助理', 'H01', '台北縣', '淡水鎮埤島里51-11號', '02-6222131', '251', 36565, 14),
('魏阿輝', '美工專員', 'H01', '台南市', '安南區安和路二段269號', '06-2552171', '709', 30900, 7),
('鄭元杰', '美工專員', 'H01', '台南縣', '麻豆鎮小埤里苓子林8-12號', '06-5703271', '721', 31930, 14),
('謝忠証', '美工助理', 'H01', '高雄市', '左營區新庄子路339巷3號', '07-3431236', '813', 29870, 7),
('王禾', '企劃副理', 'H01', '高雄縣', '橋頭鄉芋林路299號', '07-6116622', '825', 60770, 14),
('程光民', '企劃經理', 'H01', '雲林縣', '斗六市雲林路三段369號', '05-5222331', '640', 26368, 7),
('楊習仁', '人事經理', 'I01', '台中縣', '烏日鄉中山路一段和平巷150弄27號', '04-3372621', '414', 29767, 7),
('陳舜庭', '人事專員', 'I01', '台北市', '中山北路三段22號', '02-5925252#3408', '104', 52530, 7),
('陳建岳', '人事專員', 'I01', '台南市', '中區中山路90號4樓', '06-2260191', '700', 23690, 7),
('劉伯村', '人事專員', 'I01', '高雄市', '小港區長春路5號', '07-8023601', '812', 28325, 7),
('張財全', '人事助理', 'I01', '高雄市', '前鎮區高雄加工出口區南一路10號', '07-8111171', '806', 31930, 7),
('陳淑慧', '行政助理', 'J01', '台北市', '大安區仁愛路四段109號15樓', '02-7110990', '106', 23690, 7),
('許進發', '行政經理', 'J01', '台北市', '敦化北路201-24號8樓', '02-7177888', '105', 21630, 14),
('王芳香', '行政專員', 'J01', '新竹市', '科學工業園區工業東二路6號', '035-773121', '300', 28840, 7),
('施美芳', '行政專員', 'J01', '嘉義縣', '水上鄉回歸村北回60號', '05-2357861', '608', 71997, 7),
('劉大慶', '總機', 'J01', '彰化縣', '和美鎮彰新路二段290號', '04-7351127', '508', 30900, 14),
('沈榮治', '會計助理', 'K01', '台北市', '莒光路310號5樓', '02-3062131', '108', 42436, 14),
('王繡瑩', '會計助理', 'K01', '台北市', '復興北路181號6樓', '02-7129111', '105', 41200, 7),
('林俐君', '會計師', 'K01', '台北市', '敦化北路201-24號後棟6樓', '02-7174500', '105', 28016, 7),
('李德竹', '會計師', 'K01', '台南縣', '歸仁鄉南保村中山路734號', '06-2301171', '711', 66950, 7),
('胡富傑', '會計經理', 'K01', '桃園縣', '觀音鄉富源村35-2號', '03-4901511', '328', 35535, 7),
('唐德義', '資深會計師', 'K01', '高雄市', '林森三路193巷34號', '07-3336571', '806', 32445, 14),
('鍾海萍', '資深會計師', 'K01', '新竹市', '科學工業園區展業一路20號2樓', '035-770255', '300', 25750, 7),
('溫智傑', '圖書助理', 'L01', '台北市', '中山區南京東路一段92號8樓', '02-5316125', '104', 21630, 7),
('邱資堡', '圖書助理', 'L01', '台北市', '塔城街66號3樓', '02-5523075', '103', 28943, 7),
('洪惠芬', '圖書館專員', 'L01', '高雄縣', '大社工業區興工路1-3號', '07-3514151', '815', 11330, 14);

-- --------------------------------------------------------

--
-- 資料表結構 `lea89`
--

CREATE TABLE IF NOT EXISTS `lea89` (
  `部門代號` varchar(9) DEFAULT NULL,
  `姓名` varchar(9) DEFAULT NULL,
  `職稱` varchar(11) DEFAULT NULL,
  `目前月薪` double DEFAULT NULL,
  `年假天數` double DEFAULT NULL,
  `未休天數` double DEFAULT NULL,
  `未休奬金` double DEFAULT NULL,
  `備註` varchar(9) DEFAULT NULL
) ENGINE=MyISAM DEFAULT CHARSET=utf8;

--
-- 資料表的匯出資料 `lea89`
--

INSERT INTO `lea89` (`部門代號`, `姓名`, `職稱`, `目前月薪`, `年假天數`, `未休天數`, `未休奬金`, `備註`) VALUES
('D01', '林鳳春', '業務專員', 60770, 14, 5, 10851, '　'),
('D01', '王玉治', '業務副理', 35844, 14, 14, 17922, '未休'),
('D01', '吳美成', '資深專員', 35844, 7, 2, 2560, '　'),
('D01', '陳曉蘭', '業務經理', 30385, 7, 7, 7596, '未休'),
('D01', '葉秀珠', '業務助理', 25544, 7, 4, 3649, '　'),
('D02', '陳雅賢', '業務經理', 55826, 14, 14, 27913, '未休'),
('D02', '莊國雄', '業務副理', 40376, 7, 5, 7210, '　'),
('D02', '吳國信', '資深專員', 38110, 7, 7, 9527, '未休'),
('D02', '陳詔芳', '業務助理', 28634, 7, 4, 4090, '　'),
('D02', '向大鵬', '業務專員', 24102, 7, 6, 5164, '　'),
('D03', '張世興', '業務助理', 72100, 14, 6, 15450, '　'),
('D03', '朱金倉', '業務經理', 40067, 14, 9, 12878, '　'),
('D03', '張志輝', '業務副理', 32445, 7, 7, 8111, '未休'),
('D03', '林玉堂', '業務專員', 26265, 7, 4, 3752, '　'),
('D03', '謝穎青', '資深專員', 25235, 7, 1, 901, '　'),
('D04', '毛渝南', '業務副理', 78280, 7, 4, 11182, '　'),
('D04', '林鵬翔', '業務經理', 37080, 7, 3, 3972, '　'),
('D04', '郭曜明', '業務專員', 26780, 7, 3, 2869, '　'),
('D04', '李進祿', '業務專員', 25750, 7, 5, 4598, '　'),
('D04', '陳惠娟', '業務助理', 23690, 14, 14, 11845, '未休'),
('E01', '林國和', '採購專員', 63860, 14, 9, 20526, '　'),
('E01', '黃振清', '採購副理', 35535, 14, 8, 10152, '　'),
('E01', '黃大倫', '採購經理', 27810, 14, -2, 0, '　'),
('E01', '許鴻章', '維修經理', 26265, 7, -7, 0, '　'),
('E01', '黃秋好', '採購專員', 24102, 7, -5, 0, '　'),
('E01', '張琪', '採購助理', 23175, 7, 1, 827, '　'),
('E01', '陳弘昌', '採購助理', 22660, 7, -8, 0, '　'),
('D01', '林鳳春', '業務專員', 60770, 14, 5, 10851, '　'),
('D01', '王玉治', '業務副理', 35844, 14, 14, 17922, '未休'),
('D01', '吳美成', '資深專員', 35844, 7, 2, 2560, '　'),
('D01', '陳曉蘭', '業務經理', 30385, 7, 7, 7596, '未休'),
('D01', '葉秀珠', '業務助理', 25544, 7, 4, 3649, '　'),
('D02', '陳雅賢', '業務經理', 55826, 14, 14, 27913, '未休'),
('D02', '莊國雄', '業務副理', 40376, 7, 5, 7210, '　'),
('D02', '吳國信', '資深專員', 38110, 7, 7, 9527, '未休'),
('D02', '陳詔芳', '業務助理', 28634, 7, 4, 4090, '　'),
('D02', '向大鵬', '業務專員', 24102, 7, 6, 5164, '　'),
('D03', '張世興', '業務助理', 72100, 14, 6, 15450, '　'),
('D03', '朱金倉', '業務經理', 40067, 14, 9, 12878, '　'),
('D03', '張志輝', '業務副理', 32445, 7, 7, 8111, '未休'),
('D03', '林玉堂', '業務專員', 26265, 7, 4, 3752, '　'),
('D03', '謝穎青', '資深專員', 25235, 7, 1, 901, '　'),
('D04', '毛渝南', '業務副理', 78280, 7, 4, 11182, '　'),
('D04', '林鵬翔', '業務經理', 37080, 7, 3, 3972, '　'),
('D04', '郭曜明', '業務專員', 26780, 7, 3, 2869, '　'),
('D04', '李進祿', '業務專員', 25750, 7, 5, 4598, '　'),
('D04', '陳惠娟', '業務助理', 23690, 14, 14, 11845, '未休'),
('C01', '張藍方', '研發經理', 69422, 14, 14, 34711, '未休'),
('C01', '黃志文', '研發副理', 68186, 14, 14, 34093, '未休'),
('C01', '林森和', '助理工程師', 39140, 7, 7, 9785, '未休'),
('C01', '王德惠', '研發工程師', 38110, 7, -5, 0, '　'),
('C01', '徐煥坤', '資深工程師', 37080, 14, 7, 9270, '　'),
('C02', '江正維', '研發工程師', 62830, 14, 14, 31415, '未休'),
('C02', '李垂文', '研發副理', 35535, 7, -2, 0, '　'),
('C02', '莊清媚', '研發工程師', 33990, 14, -10, 0, '　'),
('C02', '盧大為', '研發經理', 33990, 14, 9, 10925, '　'),
('C02', '張景松', '副工程師', 32445, 14, -2, 0, '　'),
('C03', '易君揚', '助理工程師', 77456, 14, 9, 24896, '　'),
('C03', '王演銓', '研發經理', 39346, 14, 4, 5620, '　'),
('C03', '鄭秀家', '研發工程師', 37595, 7, 5, 6713, '　'),
('C03', '方鎮深', '副工程師', 32960, 14, 14, 16480, '未休'),
('C03', '鍾智慧', '研發工程師', 30385, 7, 3, 3255, '　'),
('C03', '楊銘哲', '研發副理', 28016, 14, 14, 14008, '未休');

-- --------------------------------------------------------

--
-- 資料表結構 `overtime`
--

CREATE TABLE IF NOT EXISTS `overtime` (
  `姓名` varchar(9) COLLATE utf8_unicode_ci DEFAULT NULL,
  `年` double DEFAULT NULL,
  `月` double DEFAULT NULL,
  `日` double DEFAULT NULL,
  `加班時數` double DEFAULT NULL
) ENGINE=InnoDB DEFAULT CHARSET=utf8 COLLATE=utf8_unicode_ci;

--
-- 資料表的匯出資料 `overtime`
--

INSERT INTO `overtime` (`姓名`, `年`, `月`, `日`, `加班時數`) VALUES
('莊清媚', 89, 12, 3, 2),
('張景松', 89, 12, 3, 4),
('盧大為', 89, 12, 4, 2),
('江正維', 89, 12, 5, 2),
('鍾智慧', 89, 12, 6, 3),
('方鎮深', 89, 12, 8, 2),
('黃慧萍', 89, 12, 9, 3),
('李垂文', 89, 12, 11, 2),
('張景松', 89, 12, 13, 4),
('黃慧萍', 89, 12, 17, 2),
('林建興', 89, 12, 19, 2),
('莊清媚', 89, 1, 3, 2),
('張景松', 89, 1, 3, 2),
('盧大為', 89, 1, 4, 3),
('江正維', 89, 1, 5, 2),
('鍾智慧', 89, 1, 6, 3),
('方鎮深', 89, 1, 8, 3),
('黃慧萍', 89, 1, 9, 2),
('李垂文', 89, 1, 11, 2),
('張景松', 89, 1, 13, 2),
('黃慧萍', 89, 1, 17, 2),
('林建興', 89, 1, 19, 2),
('莊清媚', 89, 1, 20, 2),
('王德惠', 89, 1, 22, 2),
('林森和', 89, 1, 24, 2),
('黃志文', 89, 1, 25, 4),
('黃慧萍', 89, 1, 26, 2),
('張藍方', 89, 1, 26, 4),
('楊銘哲', 89, 1, 28, 5),
('徐煥坤', 89, 1, 29, 5),
('黃志文', 89, 2, 1, 3),
('張藍方', 89, 2, 1, 4),
('徐煥坤', 89, 2, 2, 2),
('江正維', 89, 2, 4, 1),
('林鳳春', 89, 2, 5, 3),
('葉秀珠', 89, 2, 6, 2),
('莊國雄', 89, 2, 7, 4),
('吳美成', 89, 2, 8, 2),
('陳曉蘭', 89, 2, 9, 4),
('陳詔芳', 89, 2, 11, 6),
('易君揚', 89, 2, 15, 4),
('王演銓', 89, 2, 16, 3),
('陳雅賢', 89, 3, 8, 4),
('張琪', 89, 3, 8, 3),
('郭曜明', 89, 3, 12, 2),
('李進祿', 89, 3, 15, 4),
('陳弘昌', 89, 3, 21, 4),
('黃志文', 89, 3, 22, 2),
('張藍方', 89, 3, 22, 2),
('徐煥坤', 89, 3, 22, 4),
('盧大為', 89, 3, 23, 6),
('江正維', 89, 3, 23, 2),
('許鴻章', 89, 3, 24, 4),
('吳國信', 89, 3, 25, 2),
('黃振清', 89, 3, 25, 2),
('黃大倫', 89, 3, 26, 1),
('張志輝', 89, 3, 27, 3),
('陳惠娟', 89, 3, 27, 2),
('林鵬翔', 89, 3, 28, 4),
('林國和', 89, 3, 29, 3),
('張治', 89, 3, 29, 6),
('林玉堂', 89, 3, 30, 2),
('毛渝南', 89, 3, 30, 4),
('吳寶珠', 89, 4, 8, 4),
('洪毓祥', 89, 4, 8, 4),
('丁組長', 89, 4, 9, 1),
('李秋煌', 89, 4, 9, 2),
('祝閔豪', 89, 4, 20, 4),
('王德惠', 89, 4, 22, 2),
('劉柏村', 89, 4, 24, 3),
('何信穎', 89, 4, 25, 4),
('陳福金', 89, 4, 26, 3),
('鄭力中', 89, 4, 28, 5),
('盧大為', 89, 4, 29, 2),
('江正維', 89, 4, 30, 1),
('許鴻章', 89, 5, 2, 2),
('吳國信', 89, 5, 7, 3),
('黃振清', 89, 5, 8, 3),
('黃大倫', 89, 5, 10, 2),
('張志輝', 89, 5, 11, 3),
('陳惠娟', 89, 5, 13, 3),
('林鵬翔', 89, 5, 13, 3),
('林國和', 89, 5, 14, 4),
('張治', 89, 5, 16, 2),
('黃憲政', 89, 5, 17, 2),
('陳建岳', 89, 5, 18, 4),
('張財全', 89, 5, 18, 5),
('陳淑慧', 89, 5, 18, 4),
('林俊成', 89, 5, 20, 2),
('王禾', 89, 5, 21, 5),
('莊清媚', 89, 5, 22, 1),
('張景松', 89, 5, 22, 2),
('謝彗萍', 89, 5, 25, 2),
('劉伯村', 89, 5, 25, 4),
('簡清皛', 89, 5, 31, 3),
('李垂文', 89, 6, 3, 2),
('王芳香', 89, 6, 5, 2),
('鍾海萍', 89, 6, 5, 4),
('施美芳', 89, 6, 6, 3),
('唐德義', 89, 6, 7, 3),
('溫智傑', 89, 6, 10, 4),
('劉大慶', 89, 6, 13, 2),
('胡富傑', 89, 6, 21, 3),
('李垂文', 89, 6, 22, 3),
('沈榮治', 89, 6, 25, 3),
('王繡瑩', 89, 6, 26, 5),
('林俐君', 89, 6, 27, 4),
('邱資堡', 89, 6, 27, 4),
('李德竹', 89, 6, 28, 4),
('唐德義', 89, 6, 29, 4);

-- --------------------------------------------------------

--
-- 資料表結構 `ovet89`
--

CREATE TABLE IF NOT EXISTS `ovet89` (
  `部門代號` varchar(9) DEFAULT NULL,
  `姓名` varchar(9) DEFAULT NULL,
  `職稱` varchar(11) DEFAULT NULL,
  `目前月薪` double DEFAULT NULL,
  `加班時數` double DEFAULT NULL,
  `加班費` double DEFAULT NULL,
  `佔月薪比例` double DEFAULT NULL
) ENGINE=InnoDB DEFAULT CHARSET=utf8;

--
-- 資料表的匯出資料 `ovet89`
--

INSERT INTO `ovet89` (`部門代號`, `姓名`, `職稱`, `目前月薪`, `加班時數`, `加班費`, `佔月薪比例`) VALUES
('C01', '張藍方', '研發經理', 69422, 10, 4649, 6.7),
('C01', '黃志文', '研發副理', 68186, 9, 4109, 6.03),
('C01', '林森和', '助理工程師', 39140, 2, 524, 1.34),
('C01', '王德惠', '研發工程師', 38110, 4, 1021, 2.68),
('C01', '徐煥坤', '資深工程師', 37080, 11, 2731, 7.37),
('C02', '江正維', '研發工程師', 62830, 8, 3366, 5.36),
('C02', '李垂文', '研發副理', 35535, 9, 2142, 6.03),
('C02', '莊清媚', '研發工程師', 33990, 7, 1593, 4.69),
('C02', '盧大為', '研發經理', 33990, 13, 2959, 8.71),
('C02', '張景松', '副工程師', 32445, 14, 3042, 9.38),
('C03', '易君揚', '助理工程師', 77456, 4, 2075, 2.68),
('C03', '王演銓', '研發經理', 39346, 3, 790, 2.01),
('C03', '鄭秀家', '研發工程師', 37595, 0, 0, 0),
('C03', '方鎮深', '副工程師', 32960, 5, 1104, 3.35),
('C03', '鍾智慧', '研發工程師', 30385, 6, 1221, 4.02),
('C03', '楊銘哲', '研發副理', 28016, 5, 938, 3.35);

-- --------------------------------------------------------

--
-- 資料表結構 `paidlist`
--

CREATE TABLE IF NOT EXISTS `paidlist` (
  `部門名稱` varchar(10) DEFAULT NULL,
  `部門代號` varchar(9) DEFAULT NULL,
  `平均月薪` double DEFAULT NULL,
  `平均未休假奬金` double DEFAULT NULL,
  `平均加班費` double DEFAULT NULL,
  `部門人數` double DEFAULT NULL
) ENGINE=InnoDB DEFAULT CHARSET=utf8;

--
-- 資料表的匯出資料 `paidlist`
--

INSERT INTO `paidlist` (`部門名稱`, `部門代號`, `平均月薪`, `平均未休假奬金`, `平均加班費`, `部門人數`) VALUES
('董事長室', 'A01', 190550, 34026, 0, 1),
('總經理室', 'B01', 105575, 43904, 2507, 4),
('研發一課', 'C01', 50388, 17572, 2607, 5),
('研發二課', 'C02', 39758, 8468, 2620, 5),
('研發三課', 'C03', 40960, 11829, 1021, 6),
('業務一課', 'D01', 37677, 8516, 571, 5),
('業務二課', 'D02', 37410, 10781, 1001, 5),
('業務三課', 'D03', 39222, 8218, 331, 5),
('業務四課', 'D04', 38316, 6893, 1135, 5),
('採購部', 'E01', 31915, 4501, 981, 7),
('維修部', 'F01', 38456, 13459, 628, 11),
('資訊部', 'G01', 39258, 5532, 284, 7),
('企劃部', 'H01', 35029, 9620, 371, 11),
('人事部', 'I01', 33248, 8312, 493, 5),
('行政部', 'J01', 35411, 5474, 576, 5),
('會計部', 'K01', 38905, 7916, 1100, 7),
('圖書室', 'L01', 20634, 2894, 451, 3);

-- --------------------------------------------------------

--
-- 資料表結構 `product`
--

CREATE TABLE IF NOT EXISTS `product` (
  `產品名稱` varchar(31) COLLATE utf8_unicode_ci DEFAULT NULL,
  `產品代號` varchar(14) COLLATE utf8_unicode_ci DEFAULT NULL,
  `單價` double DEFAULT NULL,
  `成本` double DEFAULT NULL
) ENGINE=InnoDB DEFAULT CHARSET=utf8 COLLATE=utf8_unicode_ci;

--
-- 資料表的匯出資料 `product`
--

INSERT INTO `product` (`產品名稱`, `產品代號`, `單價`, `成本`) VALUES
('486主機板VL slot *3 16MB RAM', 'MB486V3R16', 13487, 7687),
('486主機板VL slot *3 32MB RAM', 'MB486V3R32', 24577, 14009),
('486主機板PCI slot *3 16MB RAM', 'MB486P3R16', 15186, 8656),
('486主機板PCI slot *3 32MB RAM', 'MB486P3R32', 25976, 14806),
('585主機板PCI slot *3 32MB RAM', 'MB586P3R32', 31971, 18222),
('586主機板PCI slot *3 16MB RAM', 'MB586P3R16', 15486, 8826),
('586主機板VL slot *3 32MB RAM', 'MB586V3R32', 36467, 20785),
('586主機板VL slot *3 16MB RAM', 'MB586V3R16', 15186, 8656),
('586主機板EISA slot *3 32MB RAM', 'MB586E3R32', 41162, 23462),
('586主機板EISA slot *3 16MB RAM', 'MB586E3R16', 18783, 10705),
('586主機板EISA slot *7 32MB RAM', 'MB586E7R32', 42261, 24088),
('586主機板EISA slot *7 16MB RAM', 'MB586E7R16', 21480, 12243),
('SuperVGA 1280*1024 VL BUS 1MB', 'SVGAV1M', 3846, 2191),
('SuperVGA 1280*1024 VL BUS 2MB', 'SVGAV2M', 4675, 2664),
('SuperVGA 1280*1024 PCI BUS 1MB', 'SVGAP1M', 4115, 2345),
('SuperVGA 1280*1024 PCI BUS 2MB', 'SVGAP2M', 4945, 2818),
('SCSIcard PCI BUS', 'SCSIPB', 2198, 1252),
('SCSIcard VL BUS', 'SCSIVB', 1947, 1109),
('EnhanceIDE PCI BUS', 'EIDE1RP', 2198, 1252),
('EnhanceIDE VL BUS', 'EIDE2RP', 1558, 887);

-- --------------------------------------------------------

--
-- 資料表結構 `sales`
--

CREATE TABLE IF NOT EXISTS `sales` (
  `客戶代號` varchar(9) COLLATE utf8_unicode_ci DEFAULT NULL,
  `業務姓名` varchar(9) COLLATE utf8_unicode_ci DEFAULT NULL,
  `產品代號` varchar(12) COLLATE utf8_unicode_ci DEFAULT NULL,
  `數量` double DEFAULT NULL,
  `交易年` double DEFAULT NULL,
  `交易月` double DEFAULT NULL
) ENGINE=InnoDB DEFAULT CHARSET=utf8 COLLATE=utf8_unicode_ci;

--
-- 資料表的匯出資料 `sales`
--

INSERT INTO `sales` (`客戶代號`, `業務姓名`, `產品代號`, `數量`, `交易年`, `交易月`) VALUES
('A0015', '吳國信', 'SVGAV2M', 1970, 88, 1),
('A0046', '張志輝', 'SVGAV1M', 790, 88, 1),
('A0049', '林玉堂', 'SVGAP2M', 1210, 88, 1),
('A0050', '林鳳春', 'SCSIPB', 1120, 88, 1),
('A0053', '林鵬翔', 'EIDE2RP', 1700, 88, 2),
('A0055', '陳雅賢', 'MB486V3R32', 200, 88, 2),
('A0019', '郭曜明', 'SCSIVB', 430, 88, 3),
('A0026', '陳曉蘭', 'MB586E7R16', 1700, 88, 3),
('A0029', '林鳳春', 'SVGAP1M', 160, 88, 3),
('A0004', '毛渝南', 'MB486V3R32', 610, 88, 3),
('A0018', '王玉治', 'SCSIPB', 220, 88, 3),
('A0033', '向大鵬', 'EIDE1RP', 520, 88, 3),
('A0034', '林鵬翔', 'EIDE2RP', 800, 88, 4),
('A0036', '林鵬翔', 'MB586V3R32', 770, 88, 4),
('A0039', '謝穎青', 'MB586E3R16', 800, 88, 4),
('A0019', '郭曜明', 'SVGAV1M', 820, 88, 4),
('A0039', '謝穎青', 'MB586E7R16', 1300, 88, 4),
('A0042', '毛渝南', 'SVGAV1M', 1430, 88, 4),
('A0003', '張志輝', 'SVGAV2M', 770, 88, 4),
('A0043', '王玉治', 'SVGAV2M', 160, 88, 4),
('A0046', '張志輝', 'SCSIPB', 1430, 88, 5),
('A0048', '郭曜明', 'EIDE1RP', 870, 88, 5),
('A0050', '林鳳春', 'MB586V3R16', 1620, 88, 5),
('A0006', '向大鵬', 'MB486P3R32', 1070, 88, 5),
('A0021', '謝穎青', 'EIDE2RP', 430, 88, 5),
('A0044', '陳曉蘭', 'SVGAP1M', 1330, 88, 5),
('A0046', '張志輝', 'EIDE1RP', 290, 88, 5),
('A0052', '李進祿', 'MB586P3R16', 520, 88, 5),
('A0006', '向大鵬', 'SCSIPB', 50, 88, 6),
('A0008', '吳美成', 'EIDE1RP', 1430, 88, 6),
('A0009', '王玉治', 'EIDE2RP', 1070, 88, 6),
('A0013', '吳國信', 'MB586V3R32', 1330, 88, 6),
('A0015', '吳國信', 'MB586E3R32', 1350, 88, 6),
('A0011', '向大鵬', 'MB586V3R32', 310, 88, 6),
('A0012', '陳雅賢', 'MB586V3R16', 630, 88, 6),
('A0014', '莊國雄', 'MB586E3R16', 1260, 88, 6),
('A0047', '朱金倉', 'SVGAV2M', 990, 88, 7),
('A0023', '林鳳春', 'SCSIPB', 730, 88, 7),
('A0027', '謝穎青', 'MB486V3R16', 1520, 88, 7),
('A0033', '向大鵬', 'MB586V3R16', 1620, 88, 7),
('A0016', '林玉堂', 'MB586E3R16', 1480, 88, 7),
('A0039', '謝穎青', 'SVGAV2M', 220, 88, 8),
('A0044', '陳曉蘭', 'EIDE1RP', 1070, 88, 8),
('A0008', '吳美成', 'SVGAP1M', 1070, 88, 8),
('A0059', '朱金倉', 'SVGAV1M', 1300, 88, 8),
('A0009', '王玉治', 'MB586V3R16', 730, 88, 8),
('A0041', '謝穎青', 'SVGAP2M', 990, 88, 8),
('A0051', '莊國雄', 'MB486P3R32', 430, 88, 8),
('A0021', '謝穎青', 'SVGAP1M', 650, 88, 9),
('A0049', '林玉堂', 'MB486V3R32', 1430, 88, 9),
('A0051', '莊國雄', 'MB486P3R32', 820, 88, 9),
('A0054', '林鵬翔', 'MB586V3R16', 250, 88, 9),
('A0057', '林鳳春', 'MB586E7R32', 240, 88, 9),
('A0058', '吳美成', 'MB586E7R16', 1350, 88, 9),
('A0048', '郭曜明', 'MB486V3R16', 460, 88, 9),
('A0010', '陳曉蘭', 'SCSIPB', 1500, 88, 10),
('A0011', '向大鵬', 'SCSIVB', 1330, 88, 10),
('A0023', '林鳳春', 'SCSIPB', 540, 88, 10),
('A0025', '王玉治', 'EIDE1RP', 720, 88, 10),
('A0015', '吳國信', 'EIDE2RP', 1430, 88, 10),
('A0021', '謝穎青', 'SVGAP1M', 250, 88, 11),
('A0030', '吳美成', 'MB486P3R32', 360, 88, 11),
('A0033', '向大鵬', 'MB586V3R16', 140, 88, 11),
('A0034', '林鵬翔', 'MB586E3R32', 1430, 88, 11),
('A0038', '張志輝', 'MB486P3R32', 720, 88, 11),
('A0017', '吳美成', 'MB586E7R32', 1790, 88, 11),
('A0035', '郭曜明', 'MB486V3R16', 1350, 88, 11),
('A0041', '謝穎青', 'MB586V3R16', 540, 88, 12),
('A0043', '王玉治', 'MB586E3R16', 360, 88, 12),
('A0052', '李進祿', 'EIDE1RP', 900, 88, 12),
('A0001', '毛渝南', 'MB486V3R16', 310, 89, 1),
('A0014', '莊國雄', 'SVGAV1M', 800, 89, 1),
('A0016', '林玉堂', 'SVGAP1M', 1260, 89, 1),
('A0020', '朱金倉', 'EIDE1RP', 800, 89, 2),
('A0017', '吳美成', 'SVGAP2M', 180, 89, 3),
('A0027', '謝穎青', 'SVGAV1M', 70, 89, 3),
('A0028', '陳雅賢', 'SVGAV2M', 1880, 89, 3),
('A0030', '吳美成', 'SVGAP2M', 2510, 89, 3),
('A0031', '吳國信', 'SCSIPB', 100, 89, 3),
('A0035', '郭曜明', 'MB586P3R16', 900, 89, 4),
('A0038', '張志輝', 'MB586E3R32', 720, 89, 4),
('A0041', '謝穎青', 'MB586E7R16', 180, 89, 4),
('A0002', '李進祿', 'SVGAV1M', 800, 89, 5),
('A0019', '郭曜明', 'SVGAV1M', 540, 89, 5),
('A0047', '朱金倉', 'SCSIVB', 380, 89, 5),
('A0049', '林玉堂', 'EIDE2RP', 1260, 89, 5),
('A0051', '莊國雄', 'MB586E3R32', 1700, 89, 5),
('A0052', '李進祿', 'MB586E3R16', 1570, 89, 5),
('A0053', '林鵬翔', 'MB586E7R32', 310, 89, 5),
('A0004', '毛渝南', 'SVGAP1M', 720, 89, 6),
('A0005', '張志輝', 'SVGAP2M', 460, 89, 6),
('A0007', '毛渝南', 'SCSIVB', 1410, 89, 6),
('A0010', '陳曉蘭', 'MB486P3R16', 1330, 89, 6),
('A0011', '向大鵬', 'MB486P3R32', 90, 89, 6),
('A0012', '陳雅賢', 'MB586P3R16', 1770, 89, 6),
('A0014', '莊國雄', 'MB586V3R16', 1350, 89, 6),
('A0016', '林玉堂', 'MB586E3R16', 160, 89, 6),
('A0022', '林玉堂', 'MB586V3R16', 310, 89, 6),
('A0020', '朱金倉', 'SVGAV2M', 900, 89, 7),
('A0024', '林玉堂', 'SCSIVB', 540, 89, 7),
('A0025', '王玉治', 'EIDE1RP', 1260, 89, 7),
('A0031', '吳國信', 'MB586P3R16', 160, 89, 7),
('A0032', '莊國雄', 'MB586V3R32', 1880, 89, 7),
('A0017', '吳美成', 'MB586E7R32', 1290, 89, 8),
('A0035', '郭曜明', 'MB586E3R16', 1070, 89, 8),
('A0036', '林鵬翔', 'MB586E7R32', 140, 89, 8),
('A0037', '李進祿', 'MB586E7R16', 540, 89, 8),
('A0040', '朱金倉', 'SVGAP1M', 200, 89, 8),
('A0042', '毛渝南', 'SCSIPB', 240, 89, 8),
('A0045', '李進祿', 'EIDE2RP', 1260, 89, 8),
('A0047', '朱金倉', 'MB586V3R32', 1070, 89, 8),
('A0048', '郭曜明', 'MB486V3R16', 1260, 89, 9),
('A0050', '林鳳春', 'MB486P3R16', 990, 89, 9),
('A0052', '李進祿', 'MB586P3R16', 920, 89, 9),
('A0053', '林鵬翔', 'MB586V3R32', 230, 89, 9),
('A0055', '陳雅賢', 'MB586E3R32', 110, 89, 9),
('A0056', '向大鵬', 'MB586E3R16', 140, 89, 9),
('A0060', '陳曉蘭', 'SVGAV2M', 1260, 89, 9),
('A0009', '王玉治', 'SVGAP2M', 540, 89, 10),
('A0012', '陳雅賢', 'EIDE1RP', 1350, 89, 10),
('A0013', '吳國信', 'EIDE2RP', 1620, 89, 10),
('A0014', '莊國雄', 'EIDE1RP', 1300, 89, 10),
('A0018', '王玉治', 'MB586E7R16', 1140, 89, 10),
('A0022', '林玉堂', 'SVGAP2M', 370, 89, 10),
('A0024', '林玉堂', 'SCSIVB', 650, 89, 10),
('A0026', '陳曉蘭', 'EIDE2RP', 160, 89, 10),
('A0028', '陳雅賢', 'MB486V3R32', 200, 89, 11),
('A0029', '林鳳春', 'MB486P3R16', 460, 89, 11),
('A0032', '莊國雄', 'MB586V3R32', 100, 89, 11),
('A0037', '李進祿', 'MB486P3R16', 1350, 89, 11),
('A0039', '謝穎青', 'MB586P3R16', 880, 89, 11),
('A0018', '王玉治', 'MB586E7R16', 270, 89, 12),
('A0040', '朱金倉', 'MB586V3R32', 730, 89, 12),
('A0042', '毛渝南', 'MB586E3R32', 540, 89, 12),
('A0044', '陳曉蘭', 'MB586E7R32', 540, 89, 12),
('A0045', '李進祿', 'MB586E7R16', 800, 89, 12),
('A0031', '吳國信', 'MB586P3R16', 240, 90, 1),
('A0008', '吳美成', 'MB586V3R32', 540, 90, 1),
('A0058', '吳美成', 'MB586P3R16', 180, 90, 1),
('A0051', '莊國雄', 'SCSIVB', 940, 90, 1),
('A0010', '謝穎青', 'MB586E3R32', 520, 90, 1),
('A0048', '郭曜明', 'SVGAP1M', 990, 90, 1),
('A0049', '林玉堂', 'SVGAP2M', 1210, 90, 1),
('A0050', '林鳳春', 'SCSIPB', 1120, 90, 1),
('A0053', '林鵬翔', 'EIDE2RP', 1700, 90, 1),
('A0055', '陳雅賢', 'MB486V3R32', 200, 90, 1),
('A0058', '吳美成', 'MB586E7R16', 500, 90, 2),
('A0054', '林鵬翔', 'MB486V3R16', 720, 90, 2),
('A0028', '陳雅賢', 'MB486V3R32', 560, 90, 2),
('A0034', '林鵬翔', 'EIDE2RP', 800, 90, 2),
('A0036', '林鵬翔', 'MB586V3R32', 770, 90, 2),
('A0039', '謝穎青', 'MB586E3R16', 800, 90, 2),
('A0019', '郭曜明', 'SVGAV1M', 820, 90, 2),
('A0039', '謝穎青', 'MB586E7R16', 1300, 90, 2),
('A0042', '毛渝南', 'SVGAV1M', 1430, 90, 2),
('A0003', '張志輝', 'SVGAV2M', 770, 90, 2),
('A0056', '向大鵬', 'MB486P3R16', 200, 90, 3),
('A0042', '毛渝南', 'SVGAP1M', 270, 90, 3),
('A0002', '李進祿', 'MB486V3R16', 130, 90, 3),
('A0037', '李進祿', 'MB586E3R16', 130, 90, 3),
('A0049', '林玉堂', 'MB486V3R32', 450, 90, 3),
('A0032', '莊國雄', 'SCSIVB', 100, 90, 3),
('A0003', '張志輝', 'MB486V3R16', 120, 90, 3),
('A0060', '陳曉蘭', 'MB586V3R16', 610, 90, 3),
('A0040', '朱金倉', 'MB586E7R32', 430, 90, 3),
('A0059', '朱金倉', 'SVGAV1M', 800, 90, 3),
('A0040', '朱金倉', 'MB586E7R32', 430, 90, 4),
('A0059', '朱金倉', 'SVGAV1M', 800, 90, 4),
('A0043', '王玉治', 'SVGAP2M', 900, 90, 4),
('A0037', '李進祿', 'MB586V3R16', 270, 90, 4),
('A0045', '李進祿', 'SCSIVB', 720, 90, 4),
('A0005', '張志輝', 'MB486P3R16', 650, 90, 4),
('A0038', '張志輝', 'MB586E7R32', 520, 90, 4),
('A0041', '謝穎青', 'SVGAV2M', 160, 90, 4),
('A0044', '陳曉蘭', 'SCSIPB', 920, 90, 4),
('A0001', '毛渝南', 'MB586E7R16', 360, 90, 4),
('A0001', '毛渝南', 'MB586E7R16', 360, 90, 5),
('A0007', '毛渝南', 'MB586P3R16', 940, 90, 5),
('A0047', '朱金倉', 'EIDE2RP', 630, 90, 5),
('A0045', '李進祿', 'SVGAP2M', 2250, 90, 5),
('A0030', '吳美成', 'MB486P3R32', 340, 90, 5),
('A0054', '林鵬翔', 'MB586V3R16', 380, 90, 5),
('A0050', '林鳳春', 'MB486P3R16', 560, 90, 5),
('A0055', '陳雅賢', 'MB586E3R32', 390, 90, 5),
('A0020', '李進祿', 'SVGAV2M', 180, 90, 5),
('A0013', '吳國信', 'MB586E3R32', 366, 90, 5),
('A0006', '向大鵬', 'MB486V3R16', 450, 90, 6),
('A0007', '毛渝南', 'MB486V3R32', 200, 90, 6),
('A0059', '朱金倉', 'MB586V3R32', 270, 90, 6),
('A0009', '王玉治', 'MB486P3R32', 180, 90, 6),
('A0020', '李進祿', 'SVGAV2M', 180, 90, 6),
('A0013', '吳國信', 'MB586E3R32', 790, 90, 6),
('A0008', '吳美成', 'MB486P3R16', 540, 90, 6),
('A0036', '林鵬翔', 'MB586E3R32', 540, 90, 6),
('A0023', '林鳳春', 'MB586E3R32', 650, 90, 6),
('A0057', '林鳳春', 'MB586E7R32', 340, 90, 6),
('A0056', '向大鵬', 'MB586E3R16', 250, 90, 7),
('A0026', '陳曉蘭', 'EIDE2RP', 1060, 90, 7),
('A0035', '郭曜明', 'MB486V3R16', 1350, 90, 7),
('A0041', '謝穎青', 'MB586V3R16', 540, 90, 7),
('A0043', '王玉治', 'MB586E3R16', 360, 90, 7),
('A0052', '李進祿', 'EIDE1RP', 900, 90, 7),
('A0001', '毛渝南', 'MB486V3R16', 310, 90, 7),
('A0014', '莊國雄', 'SVGAV1M', 800, 90, 7),
('A0016', '林玉堂', 'SVGAP1M', 1260, 90, 7),
('A0020', '朱金倉', 'EIDE1RP', 800, 90, 7),
('A0043', '王玉治', 'SCSIVB', 990, 90, 8),
('A0024', '林玉堂', 'MB586E3R16', 100, 90, 8),
('A0034', '莊國雄', 'MB586E3R32', 850, 90, 8),
('A0029', '林鳳春', 'MB486P3R16', 200, 90, 8),
('A0046', '張志輝', 'MB586P3R16', 800, 90, 8),
('A0057', '郭曜明', 'MB486P3R32', 270, 90, 8),
('A0038', '郭曜明', 'SVGAV1M', 490, 90, 8),
('A0037', '李進祿', 'MB586E7R16', 540, 90, 8),
('A0040', '朱金倉', 'SVGAP1M', 200, 90, 8),
('A0042', '毛渝南', 'SCSIPB', 240, 90, 8),
('A0040', '朱金倉', 'SVGAV1M', 160, 90, 9),
('A0025', '王玉治', 'MB586E7R32', 720, 90, 9),
('A0016', '林玉堂', 'MB586E3R16', 1480, 90, 9),
('A0039', '謝穎青', 'SVGAV2M', 220, 90, 9),
('A0044', '陳曉蘭', 'EIDE1RP', 1070, 90, 9),
('A0008', '吳美成', 'SVGAP1M', 1070, 90, 9),
('A0059', '朱金倉', 'SVGAV1M', 1300, 90, 9),
('A0009', '王玉治', 'MB586V3R16', 730, 90, 9),
('A0041', '謝穎青', 'SVGAP2M', 990, 90, 9),
('A0051', '莊國雄', 'MB486P3R32', 430, 90, 9),
('A0011', '向大鵬', 'MB586E3R16', 730, 90, 10),
('A0022', '林玉堂', 'SVGAP2M', 720, 90, 10),
('A0042', '毛渝南', 'MB586E3R32', 540, 90, 10),
('A0044', '陳曉蘭', 'MB586E7R32', 540, 90, 10),
('A0045', '李進祿', 'MB586E7R16', 800, 90, 10),
('A0031', '吳國信', 'MB586P3R16', 240, 90, 10),
('A0008', '吳美成', 'MB586V3R32', 540, 90, 10),
('A0058', '吳美成', 'MB586P3R16', 180, 90, 10),
('A0051', '莊國雄', 'SCSIVB', 940, 90, 10),
('A0010', '謝穎青', 'MB586E3R32', 520, 90, 10),
('A0048', '郭曜明', 'SVGAP1M', 990, 90, 10),
('A0036', '林鵬翔', 'MB486V3R32', 540, 90, 11),
('A0053', '莊國雄', 'MB586V3R32', 360, 90, 11),
('A0012', '陳雅賢', 'MB586E7R32', 630, 90, 11),
('A0027', '謝穎青', 'MB486V3R16', 240, 90, 11),
('A0037', '李進祿', 'MB586E7R16', 540, 90, 11),
('A0040', '朱金倉', 'SVGAP1M', 200, 90, 11),
('A0042', '毛渝南', 'SCSIPB', 240, 90, 11),
('A0045', '李進祿', 'EIDE2RP', 1260, 90, 11),
('A0047', '朱金倉', 'MB586V3R32', 1070, 90, 11),
('A0048', '郭曜明', 'MB486V3R16', 1260, 90, 11),
('A0050', '林鳳春', 'MB486P3R16', 990, 90, 11),
('A0052', '李進祿', 'MB586P3R16', 920, 90, 11),
('A0013', '吳國信', 'MB586E7R16', 450, 90, 12),
('A0060', '陳曉蘭', 'SVGAV2M', 670, 90, 12);

/*!40101 SET CHARACTER_SET_CLIENT=@OLD_CHARACTER_SET_CLIENT */;
/*!40101 SET CHARACTER_SET_RESULTS=@OLD_CHARACTER_SET_RESULTS */;
/*!40101 SET COLLATION_CONNECTION=@OLD_COLLATION_CONNECTION */;
